{"eval_loss": 0.32881492376327515, "eval_accuracy": 0.8971753716468811, "eval_runtime": 52.7767, "eval_samples_per_second": 186.484, "eval_steps_per_second": 11.672, "epoch": 3.0}