{"eval_loss": 0.39090853929519653, "eval_accuracy": 0.8902000188827515, "eval_runtime": 29.5878, "eval_samples_per_second": 168.988, "eval_steps_per_second": 10.579, "epoch": 1.0}