{
  "overall_accuracy": 0.5362666666666667,
  "entailment_accuracy": 0.9974666666666666,
  "non_entailment_accuracy": 0.07506666666666667,
  "heuristic_accuracies": {
    "lexical_overlap": 0.6082,
    "constituent": 0.5003,
    "subsequence": 0.5003
  },
  "confusion_matrix": [
    [
      14962,
      0,
      38
    ],
    [
      0,
      0,
      0
    ],
    [
      13874,
      0,
      1126
    ]
  ]
}