{"eval_loss": 0.35106220841407776, "eval_accuracy": 0.8920000195503235, "eval_runtime": 35.7377, "eval_samples_per_second": 139.908, "eval_steps_per_second": 8.758, "epoch": 1.0}