{"eval_loss": 0.33109569549560547, "eval_accuracy": 0.8956000208854675, "eval_runtime": 28.3193, "eval_samples_per_second": 176.558, "eval_steps_per_second": 11.053, "epoch": 1.0}