{
  "overall_accuracy": 0.5300333333333334,
  "entailment_accuracy": 0.9982666666666666,
  "non_entailment_accuracy": 0.0618,
  "heuristic_accuracies": {
    "lexical_overlap": 0.5899,
    "constituent": 0.5001,
    "subsequence": 0.5001
  },
  "confusion_matrix": [
    [
      14974,
      0,
      26
    ],
    [
      0,
      0,
      0
    ],
    [
      14073,
      0,
      927
    ]
  ]
}