{"eval_loss": 0.31724682450294495, "eval_accuracy": 0.8974801898002625, "eval_runtime": 38.0739, "eval_samples_per_second": 258.497, "eval_steps_per_second": 32.332, "epoch": 3.0}