{"eval_loss": 0.5028139352798462, "eval_accuracy": 0.885200023651123, "eval_runtime": 28.6392, "eval_samples_per_second": 174.586, "eval_steps_per_second": 10.929, "epoch": 1.0}