{
  "overall_accuracy": 0.5325666666666666,
  "entailment_accuracy": 0.9978666666666667,
  "non_entailment_accuracy": 0.06726666666666667,
  "heuristic_accuracies": {
    "lexical_overlap": 0.5964,
    "subsequence": 0.5013,
    "constituent": 0.5
  },
  "confusion_matrix": [
    [
      14968,
      0,
      32
    ],
    [
      0,
      0,
      0
    ],
    [
      13991,
      0,
      1009
    ]
  ]
}