{
  "heuristic_entailed": {
    "lexical_overlap": 0.9734,
    "subsequence": 0.999,
    "constituent": 0.9996
  },
  "heuristic_non_entailed": {
    "lexical_overlap": 0.2658,
    "subsequence": 0.001,
    "constituent": 0.009
  },
  "subcase": {
    "ln_subject/object_swap": 0.393,
    "ln_preposition": 0.252,
    "ln_relative_clause": 0.243,
    "ln_passive": 0.0,
    "ln_conjunction": 0.441,
    "le_relative_clause": 0.983,
    "le_around_prepositional_phrase": 1.0,
    "le_around_relative_clause": 0.993,
    "le_conjunction": 0.982,
    "le_passive": 0.909,
    "sn_NP/S": 0.0,
    "sn_PP_on_subject": 0.005,
    "sn_relative_clause_on_subject": 0.0,
    "sn_past_participle": 0.0,
    "sn_NP/Z": 0.0,
    "se_conjunction": 0.995,
    "se_adjective": 1.0,
    "se_understood_object": 1.0,
    "se_relative_clause_on_obj": 1.0,
    "se_PP_on_obj": 1.0,
    "cn_embedded_under_if": 0.035,
    "cn_after_if_clause": 0.0,
    "cn_embedded_under_verb": 0.0,
    "cn_disjunction": 0.01,
    "cn_adverb": 0.0,
    "ce_embedded_under_since": 1.0,
    "ce_after_since_clause": 1.0,
    "ce_embedded_under_verb": 0.998,
    "ce_conjunction": 1.0,
    "ce_adverb": 1.0
  },
  "template": {
    "temp1": 0.393,
    "temp5": 0.19745222929936307,
    "temp7": 0.5103092783505154,
    "temp3": 0.19653179190751446,
    "temp2": 0.03954802259887006,
    "temp4": 0.46710526315789475,
    "temp6": 0.06802721088435375,
    "temp11": 0.09523809523809523,
    "temp9": 0.2079207920792079,
    "temp15": 0.13,
    "temp16": 0.5875,
    "temp10": 0.4146341463414634,
    "temp8": 0.028985507246376812,
    "temp18": 0.18478260869565216,
    "temp12": 0.2839506172839506,
    "temp14": 0.19753086419753085,
    "temp19": 0.38372093023255816,
    "temp13": 0.21052631578947367,
    "temp17": 0.19117647058823528,
    "temp21": 0.0,
    "temp20": 0.0,
    "temp22": 0.19491525423728814,
    "temp25": 0.8333333333333334,
    "temp24": 0.5738831615120275,
    "temp23": 0.15510204081632653,
    "temp28": 0.99609375,
    "temp26": 0.9736842105263158,
    "temp29": 0.9644268774703557,
    "temp27": 1.0,
    "temp30": 1.0,
    "temp31": 0.993,
    "temp32": 1.0,
    "temp33": 0.9645669291338582,
    "temp36": 0.9040816326530612,
    "temp35": 0.9137254901960784,
    "temp37": 0.0,
    "temp38": 0.005,
    "temp39": 0.0,
    "temp40": 0.0,
    "temp41": 0.0,
    "temp42": 0.0,
    "temp43": 0.0,
    "temp44": 0.9918962722852512,
    "temp45": 1.0,
    "temp46": 1.0,
    "temp47": 1.0,
    "temp48": 1.0,
    "temp49": 1.0,
    "temp50": 0.035,
    "temp51": 0.0,
    "temp52": 0.0,
    "temp53": 0.0,
    "temp54": 0.01890359168241966,
    "temp58": 0.0,
    "temp59": 1.0,
    "temp60": 1.0,
    "temp61": 0.998,
    "temp63": 1.0,
    "temp62": 1.0,
    "temp68": 1.0
  }
}