{
  "overall_accuracy": 0.5413,
  "entailment_accuracy": 0.9906666666666667,
  "non_entailment_accuracy": 0.09193333333333334,
  "heuristic_accuracies": {
    "subsequence": 0.5,
    "lexical_overlap": 0.6196,
    "constituent": 0.5043
  },
  "confusion_matrix": [
    [
      14860,
      0,
      140
    ],
    [
      0,
      0,
      0
    ],
    [
      13621,
      0,
      1379
    ]
  ]
}