{
  "heuristic_entailed": {
    "lexical_overlap": 0.0346,
    "subsequence": 0.1524,
    "constituent": 0.2018
  },
  "heuristic_non_entailed": {
    "lexical_overlap": 0.9592,
    "subsequence": 0.9026,
    "constituent": 0.7902
  },
  "subcase": {
    "ln_subject/object_swap": 0.957,
    "ln_preposition": 0.953,
    "ln_relative_clause": 0.957,
    "ln_passive": 0.963,
    "ln_conjunction": 0.966,
    "le_relative_clause": 0.038,
    "le_around_prepositional_phrase": 0.035,
    "le_around_relative_clause": 0.027,
    "le_conjunction": 0.028,
    "le_passive": 0.045,
    "sn_NP/S": 0.995,
    "sn_PP_on_subject": 0.82,
    "sn_relative_clause_on_subject": 0.8,
    "sn_past_participle": 0.925,
    "sn_NP/Z": 0.973,
    "se_conjunction": 0.122,
    "se_adjective": 0.238,
    "se_understood_object": 0.315,
    "se_relative_clause_on_obj": 0.044,
    "se_PP_on_obj": 0.043,
    "cn_embedded_under_if": 0.794,
    "cn_after_if_clause": 0.767,
    "cn_embedded_under_verb": 0.786,
    "cn_disjunction": 0.789,
    "cn_adverb": 0.815,
    "ce_embedded_under_since": 0.216,
    "ce_after_since_clause": 0.202,
    "ce_embedded_under_verb": 0.19,
    "ce_conjunction": 0.219,
    "ce_adverb": 0.182
  },
  "template": {
    "temp1": 0.957,
    "temp5": 0.9617834394904459,
    "temp7": 0.9432989690721649,
    "temp3": 0.9595375722543352,
    "temp2": 0.9491525423728814,
    "temp4": 0.9736842105263158,
    "temp6": 0.9319727891156463,
    "temp11": 0.9523809523809523,
    "temp9": 0.9702970297029703,
    "temp15": 0.97,
    "temp16": 0.9875,
    "temp10": 0.926829268292683,
    "temp8": 0.9420289855072463,
    "temp18": 0.9456521739130435,
    "temp12": 0.9753086419753086,
    "temp14": 0.9382716049382716,
    "temp19": 0.9534883720930233,
    "temp13": 0.9473684210526315,
    "temp17": 0.9705882352941176,
    "temp21": 0.9676767676767677,
    "temp20": 0.9584158415841584,
    "temp22": 0.9661016949152542,
    "temp25": 0.9649122807017544,
    "temp24": 0.9725085910652921,
    "temp23": 0.9591836734693877,
    "temp28": 0.02734375,
    "temp26": 0.04887218045112782,
    "temp29": 0.04743083003952569,
    "temp27": 0.02666666666666667,
    "temp30": 0.035,
    "temp31": 0.027,
    "temp32": 0.022357723577235773,
    "temp33": 0.03346456692913386,
    "temp36": 0.05714285714285714,
    "temp35": 0.03333333333333333,
    "temp37": 0.995,
    "temp38": 0.82,
    "temp39": 0.8,
    "temp40": 0.9277310924369748,
    "temp41": 0.9209876543209876,
    "temp42": 0.9682352941176471,
    "temp43": 1.0,
    "temp44": 0.17504051863857376,
    "temp45": 0.03655352480417755,
    "temp46": 0.238,
    "temp47": 0.315,
    "temp48": 0.044,
    "temp49": 0.043,
    "temp50": 0.794,
    "temp51": 0.767,
    "temp52": 0.786,
    "temp53": 0.7855626326963907,
    "temp54": 0.7920604914933838,
    "temp58": 0.815,
    "temp59": 0.216,
    "temp60": 0.202,
    "temp61": 0.19,
    "temp63": 0.2230769230769231,
    "temp62": 0.21458333333333332,
    "temp68": 0.182
  }
}