alpha,snli_dev_accuracy
0.0,0.8956000208854675
0.25,0.8952000141143799
0.5,0.8920000195503235
1.0,0.8902000188827515
2.0,0.885200023651123
