{"eval_loss": 0.33444181084632874, "eval_accuracy": 0.8934159874916077, "eval_runtime": 55.4022, "eval_samples_per_second": 177.646, "eval_steps_per_second": 11.119, "epoch": 3.0}