{"eval_loss": 0.3164393901824951, "eval_accuracy": 0.8970737457275391, "eval_runtime": 29.5931, "eval_samples_per_second": 332.577, "eval_steps_per_second": 20.816, "epoch": 3.0}