{"eval_loss": 0.3379928767681122, "eval_accuracy": 0.8952000141143799, "eval_runtime": 35.8399, "eval_samples_per_second": 139.509, "eval_steps_per_second": 8.733, "epoch": 1.0}