{
  "overall_accuracy": 0.5349,
  "entailment_accuracy": 0.9974666666666666,
  "non_entailment_accuracy": 0.07233333333333333,
  "heuristic_accuracies": {
    "lexical_overlap": 0.6044,
    "subsequence": 0.5001,
    "constituent": 0.5002
  },
  "confusion_matrix": [
    [
      14962,
      0,
      38
    ],
    [
      0,
      0,
      0
    ],
    [
      13915,
      0,
      1085
    ]
  ]
}